﻿<?xml version="1.0" encoding="utf-8"?>
<GingerRepositoryItem><Header ItemGuid="4429b896-4228-4290-875c-d90cf3e68c35" ItemType="ApplicationAPIModel" CreatedBy="MENIK" Created="201912041329" GingerVersion="3.4.0.0" Version="1" LastUpdateBy="MENIK" LastUpdate="201912041329" />
<ApplicationAPIModel APIType="SOAP" AuthorizationType="NoAuthentication" CertificateType="AllSSL" ContentType="JSon" CookieMode="Session" Description="This method is the same as &amp;lt;a href='http://ws.cdyne.com/phoneverify/phoneverify.asmx?op=CheckPhoneNumber'&amp;gt;CheckPhoneNumber&amp;lt;/a&amp;gt;, although you are allowed to insert an array of phone numbers to be validated.&amp;lt;br /&amp;gt;&amp;lt;br /&amp;gt;For more information, please visit our &amp;lt;a href='http://wiki.cdyne.com/wiki/index.php?title=Phone_Verification'&amp;gt;wiki&amp;lt;/a&amp;gt;." EndpointURL="http://ws.cdyne.com/phoneverify/phoneverify.asmx" Guid="4429b896-4228-4290-875c-d90cf3e68c35" Name="CheckPhoneNumbers_PhoneVerifySoap12" NetworkCredentials="Default" ParentGuid="00000000-0000-0000-0000-000000000000" ReqHttpVersion="HTTPV10" RequestBody="&lt;soapenv:Envelope xmlns:soapenv=&quot;http://schemas.xmlsoap.org/soap/envelope/&quot; xmlns:que=&quot;http://ws.cdyne.com/PhoneVerify/query&quot;&gt;&#xD;&#xA;  &lt;soapenv:Header /&gt;&#xD;&#xA;  &lt;soapenv:Body&gt;&#xD;&#xA;    &lt;que:CheckPhoneNumbers&gt;&#xD;&#xA;      &lt;!--Optional:--&gt;&#xD;&#xA;      &lt;que:PhoneNumbers&gt;&#xD;&#xA;        &lt;!--Zero or more repetitions:--&gt;&#xD;&#xA;        &lt;que:string&gt;{STRING}&lt;/que:string&gt;&#xD;&#xA;      &lt;/que:PhoneNumbers&gt;&#xD;&#xA;      &lt;!--Optional:--&gt;&#xD;&#xA;      &lt;que:LicenseKey&gt;{LICENSEKEY}&lt;/que:LicenseKey&gt;&#xD;&#xA;    &lt;/que:CheckPhoneNumbers&gt;&#xD;&#xA;  &lt;/soapenv:Body&gt;&#xD;&#xA;&lt;/soapenv:Envelope&gt;" RequestBodyType="FreeText" RequestType="GET" ResponseContentType="JSon" SecurityType="None" SOAPAction="http://ws.cdyne.com/PhoneVerify/query/CheckPhoneNumbers" TargetApplicationKey="MyWebServicesApp~0196292c-0dc9-4aee-89b8-78ffcb55249a">
<AppModelParameters>
<AppModelParameter Guid="be49d5a4-9d3d-4ea1-9ac0-a30d82b3b51a" ParentGuid="00000000-0000-0000-0000-000000000000" Path="//*[name()='soapenv:Envelope']/soapenv:Body[1]/que:CheckPhoneNumbers[1]/que:PhoneNumbers[1]/que:string[1]" PlaceHolder="{STRING}" TagName="string" />
<AppModelParameter Guid="db17dd95-24e4-49a6-94e3-8050936bb5c4" ParentGuid="00000000-0000-0000-0000-000000000000" Path="//*[name()='soapenv:Envelope']/soapenv:Body[1]/que:CheckPhoneNumbers[1]/que:LicenseKey[1]" PlaceHolder="{LICENSEKEY}" TagName="LicenseKey" />
</AppModelParameters>

<ReturnValues>
<ActReturnValue Active="True" DoNotConsiderAsTemp="True" Guid="04f8c0d6-3f64-4c4f-8dc2-8f7174fd7a1f" Operator="Legacy" Param="Company" ParentGuid="00000000-0000-0000-0000-000000000000" Path="//*[local-name()='Envelope']/Body[1]/CheckPhoneNumbersResponse[1]/CheckPhoneNumbersResult[1]/PhoneReturn[1]/Company[1]" StoreTo="None" />
<ActReturnValue Active="True" DoNotConsiderAsTemp="True" Guid="ea369ceb-c732-424e-9517-b7c1365dc79e" Operator="Legacy" Param="Valid" ParentGuid="00000000-0000-0000-0000-000000000000" Path="//*[local-name()='Envelope']/Body[1]/CheckPhoneNumbersResponse[1]/CheckPhoneNumbersResult[1]/PhoneReturn[1]/Valid[1]" StoreTo="None" />
<ActReturnValue Active="True" DoNotConsiderAsTemp="True" Guid="d17111b9-4c98-431c-b527-c495fe92d5ef" Operator="Legacy" Param="Use" ParentGuid="00000000-0000-0000-0000-000000000000" Path="//*[local-name()='Envelope']/Body[1]/CheckPhoneNumbersResponse[1]/CheckPhoneNumbersResult[1]/PhoneReturn[1]/Use[1]" StoreTo="None" />
<ActReturnValue Active="True" DoNotConsiderAsTemp="True" Guid="be581e4b-452e-4710-be85-05cd8972259a" Operator="Legacy" Param="State" ParentGuid="00000000-0000-0000-0000-000000000000" Path="//*[local-name()='Envelope']/Body[1]/CheckPhoneNumbersResponse[1]/CheckPhoneNumbersResult[1]/PhoneReturn[1]/State[1]" StoreTo="None" />
<ActReturnValue Active="True" DoNotConsiderAsTemp="True" Guid="3508aadd-5e5a-419d-aa66-acfa7a3a6226" Operator="Legacy" Param="Switch" ParentGuid="00000000-0000-0000-0000-000000000000" Path="//*[local-name()='Envelope']/Body[1]/CheckPhoneNumbersResponse[1]/CheckPhoneNumbersResult[1]/PhoneReturn[1]/Switch[1]" StoreTo="None" />
<ActReturnValue Active="True" DoNotConsiderAsTemp="True" Guid="8fd70073-5b97-4ffc-8c16-b3bd7300dc15" Operator="Legacy" Param="RC" ParentGuid="00000000-0000-0000-0000-000000000000" Path="//*[local-name()='Envelope']/Body[1]/CheckPhoneNumbersResponse[1]/CheckPhoneNumbersResult[1]/PhoneReturn[1]/RC[1]" StoreTo="None" />
<ActReturnValue Active="True" DoNotConsiderAsTemp="True" Guid="732e2624-1ed0-4f4d-8438-e8e248b9435c" Operator="Legacy" Param="OCN" ParentGuid="00000000-0000-0000-0000-000000000000" Path="//*[local-name()='Envelope']/Body[1]/CheckPhoneNumbersResponse[1]/CheckPhoneNumbersResult[1]/PhoneReturn[1]/OCN[1]" StoreTo="None" />
<ActReturnValue Active="True" DoNotConsiderAsTemp="True" Guid="9f7322df-9670-4433-afaf-b70c9753bb0e" Operator="Legacy" Param="OriginalNumber" ParentGuid="00000000-0000-0000-0000-000000000000" Path="//*[local-name()='Envelope']/Body[1]/CheckPhoneNumbersResponse[1]/CheckPhoneNumbersResult[1]/PhoneReturn[1]/OriginalNumber[1]" StoreTo="None" />
<ActReturnValue Active="True" DoNotConsiderAsTemp="True" Guid="29db5244-6cb6-4eb7-8e41-4ddaee793e7b" Operator="Legacy" Param="CleanNumber" ParentGuid="00000000-0000-0000-0000-000000000000" Path="//*[local-name()='Envelope']/Body[1]/CheckPhoneNumbersResponse[1]/CheckPhoneNumbersResult[1]/PhoneReturn[1]/CleanNumber[1]" StoreTo="None" />
<ActReturnValue Active="True" DoNotConsiderAsTemp="True" Guid="2d7a21e1-1d36-4600-9b29-4c978dbe16b5" Operator="Legacy" Param="SwitchName" ParentGuid="00000000-0000-0000-0000-000000000000" Path="//*[local-name()='Envelope']/Body[1]/CheckPhoneNumbersResponse[1]/CheckPhoneNumbersResult[1]/PhoneReturn[1]/SwitchName[1]" StoreTo="None" />
<ActReturnValue Active="True" DoNotConsiderAsTemp="True" Guid="f3536604-6a13-494a-b88b-fdc6db6c2f0e" Operator="Legacy" Param="SwitchType" ParentGuid="00000000-0000-0000-0000-000000000000" Path="//*[local-name()='Envelope']/Body[1]/CheckPhoneNumbersResponse[1]/CheckPhoneNumbersResult[1]/PhoneReturn[1]/SwitchType[1]" StoreTo="None" />
<ActReturnValue Active="True" DoNotConsiderAsTemp="True" Guid="b2e4f503-89c9-4532-b1fa-4e40ea65a132" Operator="Legacy" Param="Country" ParentGuid="00000000-0000-0000-0000-000000000000" Path="//*[local-name()='Envelope']/Body[1]/CheckPhoneNumbersResponse[1]/CheckPhoneNumbersResult[1]/PhoneReturn[1]/Country[1]" StoreTo="None" />
<ActReturnValue Active="True" DoNotConsiderAsTemp="True" Guid="dc603e62-e637-4ccd-b16e-3b570bbadadd" Operator="Legacy" Param="CLLI" ParentGuid="00000000-0000-0000-0000-000000000000" Path="//*[local-name()='Envelope']/Body[1]/CheckPhoneNumbersResponse[1]/CheckPhoneNumbersResult[1]/PhoneReturn[1]/CLLI[1]" StoreTo="None" />
<ActReturnValue Active="True" DoNotConsiderAsTemp="True" Guid="197f556a-baba-423f-b458-60fbdd6e6f66" Operator="Legacy" Param="PrefixType" ParentGuid="00000000-0000-0000-0000-000000000000" Path="//*[local-name()='Envelope']/Body[1]/CheckPhoneNumbersResponse[1]/CheckPhoneNumbersResult[1]/PhoneReturn[1]/PrefixType[1]" StoreTo="None" />
<ActReturnValue Active="True" DoNotConsiderAsTemp="True" Guid="80de966b-98fe-4752-9f98-ed726dadce6b" Operator="Legacy" Param="LATA" ParentGuid="00000000-0000-0000-0000-000000000000" Path="//*[local-name()='Envelope']/Body[1]/CheckPhoneNumbersResponse[1]/CheckPhoneNumbersResult[1]/PhoneReturn[1]/LATA[1]" StoreTo="None" />
<ActReturnValue Active="True" DoNotConsiderAsTemp="True" Guid="330327b3-8acc-4a4c-9326-dc2ad989a497" Operator="Legacy" Param="sms" ParentGuid="00000000-0000-0000-0000-000000000000" Path="//*[local-name()='Envelope']/Body[1]/CheckPhoneNumbersResponse[1]/CheckPhoneNumbersResult[1]/PhoneReturn[1]/sms[1]" StoreTo="None" />
<ActReturnValue Active="True" DoNotConsiderAsTemp="True" Guid="5e713057-d3f4-40dd-86bd-0381e0d523a3" Operator="Legacy" Param="Email" ParentGuid="00000000-0000-0000-0000-000000000000" Path="//*[local-name()='Envelope']/Body[1]/CheckPhoneNumbersResponse[1]/CheckPhoneNumbersResult[1]/PhoneReturn[1]/Email[1]" StoreTo="None" />
<ActReturnValue Active="True" DoNotConsiderAsTemp="True" Guid="de660fe5-9808-47a9-9799-1a42a47d232a" Operator="Legacy" Param="AssignDate" ParentGuid="00000000-0000-0000-0000-000000000000" Path="//*[local-name()='Envelope']/Body[1]/CheckPhoneNumbersResponse[1]/CheckPhoneNumbersResult[1]/PhoneReturn[1]/AssignDate[1]" StoreTo="None" />
<ActReturnValue Active="True" DoNotConsiderAsTemp="True" Guid="d69e8f38-75c2-421c-9d48-ad4cb670ce61" Operator="Legacy" Param="TelecomCity" ParentGuid="00000000-0000-0000-0000-000000000000" Path="//*[local-name()='Envelope']/Body[1]/CheckPhoneNumbersResponse[1]/CheckPhoneNumbersResult[1]/PhoneReturn[1]/TelecomCity[1]" StoreTo="None" />
<ActReturnValue Active="True" DoNotConsiderAsTemp="True" Guid="ea485306-c032-4a9c-bdfa-a9cdb3b0ff7f" Operator="Legacy" Param="TelecomCounty" ParentGuid="00000000-0000-0000-0000-000000000000" Path="//*[local-name()='Envelope']/Body[1]/CheckPhoneNumbersResponse[1]/CheckPhoneNumbersResult[1]/PhoneReturn[1]/TelecomCounty[1]" StoreTo="None" />
<ActReturnValue Active="True" DoNotConsiderAsTemp="True" Guid="ba34f8db-ee72-4063-ac07-aeb901c7347f" Operator="Legacy" Param="TelecomState" ParentGuid="00000000-0000-0000-0000-000000000000" Path="//*[local-name()='Envelope']/Body[1]/CheckPhoneNumbersResponse[1]/CheckPhoneNumbersResult[1]/PhoneReturn[1]/TelecomState[1]" StoreTo="None" />
<ActReturnValue Active="True" DoNotConsiderAsTemp="True" Guid="92d29ec8-fc72-44c0-a395-a27c7919bc02" Operator="Legacy" Param="TelecomZip" ParentGuid="00000000-0000-0000-0000-000000000000" Path="//*[local-name()='Envelope']/Body[1]/CheckPhoneNumbersResponse[1]/CheckPhoneNumbersResult[1]/PhoneReturn[1]/TelecomZip[1]" StoreTo="None" />
<ActReturnValue Active="True" DoNotConsiderAsTemp="True" Guid="e28f3860-222f-491e-9393-205efd770d34" Operator="Legacy" Param="TimeZone" ParentGuid="00000000-0000-0000-0000-000000000000" Path="//*[local-name()='Envelope']/Body[1]/CheckPhoneNumbersResponse[1]/CheckPhoneNumbersResult[1]/PhoneReturn[1]/TimeZone[1]" StoreTo="None" />
<ActReturnValue Active="True" DoNotConsiderAsTemp="True" Guid="e2d57085-d6ef-42c8-b51f-60c59d722660" Operator="Legacy" Param="Lat" ParentGuid="00000000-0000-0000-0000-000000000000" Path="//*[local-name()='Envelope']/Body[1]/CheckPhoneNumbersResponse[1]/CheckPhoneNumbersResult[1]/PhoneReturn[1]/Lat[1]" StoreTo="None" />
<ActReturnValue Active="True" DoNotConsiderAsTemp="True" Guid="fe27fd1e-f251-4a26-9440-f448cab5af09" Operator="Legacy" Param="Long" ParentGuid="00000000-0000-0000-0000-000000000000" Path="//*[local-name()='Envelope']/Body[1]/CheckPhoneNumbersResponse[1]/CheckPhoneNumbersResult[1]/PhoneReturn[1]/Long[1]" StoreTo="None" />
<ActReturnValue Active="True" DoNotConsiderAsTemp="True" Guid="714c185f-44d2-4a5f-b6c7-bf3692aa2c0f" Operator="Legacy" Param="Wireless" ParentGuid="00000000-0000-0000-0000-000000000000" Path="//*[local-name()='Envelope']/Body[1]/CheckPhoneNumbersResponse[1]/CheckPhoneNumbersResult[1]/PhoneReturn[1]/Wireless[1]" StoreTo="None" />
<ActReturnValue Active="True" DoNotConsiderAsTemp="True" Guid="6c572806-e2d6-432c-8586-656b333c12c6" Operator="Legacy" Param="LRN" ParentGuid="00000000-0000-0000-0000-000000000000" Path="//*[local-name()='Envelope']/Body[1]/CheckPhoneNumbersResponse[1]/CheckPhoneNumbersResult[1]/PhoneReturn[1]/LRN[1]" StoreTo="None" />
</ReturnValues>
</ApplicationAPIModel></GingerRepositoryItem>