﻿<?xml version="1.0" encoding="utf-8"?>
<GingerRepositoryItem><Header ItemGuid="093acd36-f1db-405c-8045-86fa1de7df05" ItemType="ApplicationAPIModel" CreatedBy="MENIK" Created="201912041329" GingerVersion="3.4.0.0" Version="1" LastUpdateBy="MENIK" LastUpdate="201912041329" />
<ApplicationAPIModel APIType="SOAP" AuthorizationType="NoAuthentication" CertificateType="AllSSL" ContentType="JSon" CookieMode="Session" Description="Insert a phone number and your license key in the fields below to verify the phone number. This method also provides additional information about the phone number which includes the RateCenter, Telecom Address, Wireless, Switch Information, CLLI, LATA, Company, TimeZone, and more.&amp;lt;br /&amp;gt;&amp;lt;br /&amp;gt;For more information, please visit our &amp;lt;a href='http://wiki.cdyne.com/wiki/index.php?title=Phone_Verification'&amp;gt;wiki&amp;lt;/a&amp;gt;." EndpointURL="http://ws.cdyne.com/phoneverify/phoneverify.asmx" Guid="093acd36-f1db-405c-8045-86fa1de7df05" Name="CheckPhoneNumber_PhoneVerifySoap" NetworkCredentials="Default" ParentGuid="00000000-0000-0000-0000-000000000000" ReqHttpVersion="HTTPV11" RequestBody="&lt;soapenv:Envelope xmlns:soapenv=&quot;http://schemas.xmlsoap.org/soap/envelope/&quot; xmlns:que=&quot;http://ws.cdyne.com/PhoneVerify/query&quot;&gt;&#xD;&#xA;  &lt;soapenv:Header /&gt;&#xD;&#xA;  &lt;soapenv:Body&gt;&#xD;&#xA;    &lt;que:CheckPhoneNumber&gt;&#xD;&#xA;      &lt;!--Optional:--&gt;&#xD;&#xA;      &lt;que:PhoneNumber&gt;{PHONENUMBER}&lt;/que:PhoneNumber&gt;&#xD;&#xA;      &lt;!--Optional:--&gt;&#xD;&#xA;      &lt;que:LicenseKey&gt;{LICENSEKEY}&lt;/que:LicenseKey&gt;&#xD;&#xA;    &lt;/que:CheckPhoneNumber&gt;&#xD;&#xA;  &lt;/soapenv:Body&gt;&#xD;&#xA;&lt;/soapenv:Envelope&gt;" RequestBodyType="FreeText" RequestType="GET" ResponseContentType="JSon" SecurityType="None" SOAPAction="http://ws.cdyne.com/PhoneVerify/query/CheckPhoneNumber" TargetApplicationKey="MyWebServicesApp~0196292c-0dc9-4aee-89b8-78ffcb55249a">
<AppModelParameters>
<AppModelParameter Guid="84906595-05dd-4356-a816-c52812db4c1a" ParentGuid="00000000-0000-0000-0000-000000000000" Path="//*[name()='soapenv:Envelope']/soapenv:Body[1]/que:CheckPhoneNumber[1]/que:PhoneNumber[1]" PlaceHolder="{PHONENUMBER}" TagName="PhoneNumber" />
<AppModelParameter Guid="849bdecc-6bdb-42f3-9f41-e61f7bf720e2" ParentGuid="00000000-0000-0000-0000-000000000000" Path="//*[name()='soapenv:Envelope']/soapenv:Body[1]/que:CheckPhoneNumber[1]/que:LicenseKey[1]" PlaceHolder="{LICENSEKEY}" TagName="LicenseKey" />
</AppModelParameters>

<ReturnValues>
<ActReturnValue Active="True" DoNotConsiderAsTemp="True" Guid="a628ab7b-304d-481a-9d91-43ab4ae240db" Operator="Legacy" Param="Company" ParentGuid="00000000-0000-0000-0000-000000000000" Path="//*[local-name()='Envelope']/Body[1]/CheckPhoneNumberResponse[1]/CheckPhoneNumberResult[1]/Company[1]" StoreTo="None" />
<ActReturnValue Active="True" DoNotConsiderAsTemp="True" Guid="852ee7cb-fdff-4845-b65b-f8b315e846c1" Operator="Legacy" Param="Valid" ParentGuid="00000000-0000-0000-0000-000000000000" Path="//*[local-name()='Envelope']/Body[1]/CheckPhoneNumberResponse[1]/CheckPhoneNumberResult[1]/Valid[1]" StoreTo="None" />
<ActReturnValue Active="True" DoNotConsiderAsTemp="True" Guid="ed278b55-0826-4647-9088-fb21d5423a26" Operator="Legacy" Param="Use" ParentGuid="00000000-0000-0000-0000-000000000000" Path="//*[local-name()='Envelope']/Body[1]/CheckPhoneNumberResponse[1]/CheckPhoneNumberResult[1]/Use[1]" StoreTo="None" />
<ActReturnValue Active="True" DoNotConsiderAsTemp="True" Guid="9ac4187e-9fb1-46d9-820b-d8ebe140c400" Operator="Legacy" Param="State" ParentGuid="00000000-0000-0000-0000-000000000000" Path="//*[local-name()='Envelope']/Body[1]/CheckPhoneNumberResponse[1]/CheckPhoneNumberResult[1]/State[1]" StoreTo="None" />
<ActReturnValue Active="True" DoNotConsiderAsTemp="True" Guid="7ea5d537-f289-423c-8eb3-54b2dcd1543d" Operator="Legacy" Param="Switch" ParentGuid="00000000-0000-0000-0000-000000000000" Path="//*[local-name()='Envelope']/Body[1]/CheckPhoneNumberResponse[1]/CheckPhoneNumberResult[1]/Switch[1]" StoreTo="None" />
<ActReturnValue Active="True" DoNotConsiderAsTemp="True" Guid="8324e619-e2bc-4b85-b4de-c1cbfffb7b95" Operator="Legacy" Param="RC" ParentGuid="00000000-0000-0000-0000-000000000000" Path="//*[local-name()='Envelope']/Body[1]/CheckPhoneNumberResponse[1]/CheckPhoneNumberResult[1]/RC[1]" StoreTo="None" />
<ActReturnValue Active="True" DoNotConsiderAsTemp="True" Guid="8e9abd2c-8005-4d7f-809a-86f7e054140a" Operator="Legacy" Param="OCN" ParentGuid="00000000-0000-0000-0000-000000000000" Path="//*[local-name()='Envelope']/Body[1]/CheckPhoneNumberResponse[1]/CheckPhoneNumberResult[1]/OCN[1]" StoreTo="None" />
<ActReturnValue Active="True" DoNotConsiderAsTemp="True" Guid="8e9995b9-ccb6-4587-87c3-ca5ac504b8dd" Operator="Legacy" Param="OriginalNumber" ParentGuid="00000000-0000-0000-0000-000000000000" Path="//*[local-name()='Envelope']/Body[1]/CheckPhoneNumberResponse[1]/CheckPhoneNumberResult[1]/OriginalNumber[1]" StoreTo="None" />
<ActReturnValue Active="True" DoNotConsiderAsTemp="True" Guid="65ebd819-c599-4e19-b75e-d25df61328b0" Operator="Legacy" Param="CleanNumber" ParentGuid="00000000-0000-0000-0000-000000000000" Path="//*[local-name()='Envelope']/Body[1]/CheckPhoneNumberResponse[1]/CheckPhoneNumberResult[1]/CleanNumber[1]" StoreTo="None" />
<ActReturnValue Active="True" DoNotConsiderAsTemp="True" Guid="6d1234a1-b595-43c0-91a4-9eecdffee241" Operator="Legacy" Param="SwitchName" ParentGuid="00000000-0000-0000-0000-000000000000" Path="//*[local-name()='Envelope']/Body[1]/CheckPhoneNumberResponse[1]/CheckPhoneNumberResult[1]/SwitchName[1]" StoreTo="None" />
<ActReturnValue Active="True" DoNotConsiderAsTemp="True" Guid="55d9ae11-e915-4549-84a6-88ff8821ac2f" Operator="Legacy" Param="SwitchType" ParentGuid="00000000-0000-0000-0000-000000000000" Path="//*[local-name()='Envelope']/Body[1]/CheckPhoneNumberResponse[1]/CheckPhoneNumberResult[1]/SwitchType[1]" StoreTo="None" />
<ActReturnValue Active="True" DoNotConsiderAsTemp="True" Guid="f5645e4d-4b5e-46cf-a7c2-ccd88e9f2397" Operator="Legacy" Param="Country" ParentGuid="00000000-0000-0000-0000-000000000000" Path="//*[local-name()='Envelope']/Body[1]/CheckPhoneNumberResponse[1]/CheckPhoneNumberResult[1]/Country[1]" StoreTo="None" />
<ActReturnValue Active="True" DoNotConsiderAsTemp="True" Guid="84f7d108-f6f7-4f7d-8bff-a47354bd5255" Operator="Legacy" Param="CLLI" ParentGuid="00000000-0000-0000-0000-000000000000" Path="//*[local-name()='Envelope']/Body[1]/CheckPhoneNumberResponse[1]/CheckPhoneNumberResult[1]/CLLI[1]" StoreTo="None" />
<ActReturnValue Active="True" DoNotConsiderAsTemp="True" Guid="c2da06ac-891f-4ca3-80f3-b6c64b92d80c" Operator="Legacy" Param="PrefixType" ParentGuid="00000000-0000-0000-0000-000000000000" Path="//*[local-name()='Envelope']/Body[1]/CheckPhoneNumberResponse[1]/CheckPhoneNumberResult[1]/PrefixType[1]" StoreTo="None" />
<ActReturnValue Active="True" DoNotConsiderAsTemp="True" Guid="1c67f712-73c9-475d-b046-16d10a89a785" Operator="Legacy" Param="LATA" ParentGuid="00000000-0000-0000-0000-000000000000" Path="//*[local-name()='Envelope']/Body[1]/CheckPhoneNumberResponse[1]/CheckPhoneNumberResult[1]/LATA[1]" StoreTo="None" />
<ActReturnValue Active="True" DoNotConsiderAsTemp="True" Guid="182749e2-555a-4e41-aad8-74f7c7503cf9" Operator="Legacy" Param="sms" ParentGuid="00000000-0000-0000-0000-000000000000" Path="//*[local-name()='Envelope']/Body[1]/CheckPhoneNumberResponse[1]/CheckPhoneNumberResult[1]/sms[1]" StoreTo="None" />
<ActReturnValue Active="True" DoNotConsiderAsTemp="True" Guid="2a62063b-44d3-4aba-9b63-d90555063d7d" Operator="Legacy" Param="Email" ParentGuid="00000000-0000-0000-0000-000000000000" Path="//*[local-name()='Envelope']/Body[1]/CheckPhoneNumberResponse[1]/CheckPhoneNumberResult[1]/Email[1]" StoreTo="None" />
<ActReturnValue Active="True" DoNotConsiderAsTemp="True" Guid="5dbad92a-4b53-4962-9243-8d1881f0a7b2" Operator="Legacy" Param="AssignDate" ParentGuid="00000000-0000-0000-0000-000000000000" Path="//*[local-name()='Envelope']/Body[1]/CheckPhoneNumberResponse[1]/CheckPhoneNumberResult[1]/AssignDate[1]" StoreTo="None" />
<ActReturnValue Active="True" DoNotConsiderAsTemp="True" Guid="f9faa179-5a9c-4b2a-92c3-535406f57637" Operator="Legacy" Param="TelecomCity" ParentGuid="00000000-0000-0000-0000-000000000000" Path="//*[local-name()='Envelope']/Body[1]/CheckPhoneNumberResponse[1]/CheckPhoneNumberResult[1]/TelecomCity[1]" StoreTo="None" />
<ActReturnValue Active="True" DoNotConsiderAsTemp="True" Guid="d452fe86-edcf-4571-a4df-d3a9dbece131" Operator="Legacy" Param="TelecomCounty" ParentGuid="00000000-0000-0000-0000-000000000000" Path="//*[local-name()='Envelope']/Body[1]/CheckPhoneNumberResponse[1]/CheckPhoneNumberResult[1]/TelecomCounty[1]" StoreTo="None" />
<ActReturnValue Active="True" DoNotConsiderAsTemp="True" Guid="1ee193a5-81a2-41de-9348-ad52c12a68d7" Operator="Legacy" Param="TelecomState" ParentGuid="00000000-0000-0000-0000-000000000000" Path="//*[local-name()='Envelope']/Body[1]/CheckPhoneNumberResponse[1]/CheckPhoneNumberResult[1]/TelecomState[1]" StoreTo="None" />
<ActReturnValue Active="True" DoNotConsiderAsTemp="True" Guid="7565bcdd-f0bd-4363-94d3-a4c7bcd5dec6" Operator="Legacy" Param="TelecomZip" ParentGuid="00000000-0000-0000-0000-000000000000" Path="//*[local-name()='Envelope']/Body[1]/CheckPhoneNumberResponse[1]/CheckPhoneNumberResult[1]/TelecomZip[1]" StoreTo="None" />
<ActReturnValue Active="True" DoNotConsiderAsTemp="True" Guid="ade8e52d-2220-4d0c-9ee1-a6a7f4a13f5a" Operator="Legacy" Param="TimeZone" ParentGuid="00000000-0000-0000-0000-000000000000" Path="//*[local-name()='Envelope']/Body[1]/CheckPhoneNumberResponse[1]/CheckPhoneNumberResult[1]/TimeZone[1]" StoreTo="None" />
<ActReturnValue Active="True" DoNotConsiderAsTemp="True" Guid="e1c52d0a-8a0a-469e-9b85-2e6c16557e2f" Operator="Legacy" Param="Lat" ParentGuid="00000000-0000-0000-0000-000000000000" Path="//*[local-name()='Envelope']/Body[1]/CheckPhoneNumberResponse[1]/CheckPhoneNumberResult[1]/Lat[1]" StoreTo="None" />
<ActReturnValue Active="True" DoNotConsiderAsTemp="True" Guid="f2e98e36-13e9-4551-b20a-75877b06a9d4" Operator="Legacy" Param="Long" ParentGuid="00000000-0000-0000-0000-000000000000" Path="//*[local-name()='Envelope']/Body[1]/CheckPhoneNumberResponse[1]/CheckPhoneNumberResult[1]/Long[1]" StoreTo="None" />
<ActReturnValue Active="True" DoNotConsiderAsTemp="True" Guid="11012842-58c4-4e83-a713-56b87ca6a329" Operator="Legacy" Param="Wireless" ParentGuid="00000000-0000-0000-0000-000000000000" Path="//*[local-name()='Envelope']/Body[1]/CheckPhoneNumberResponse[1]/CheckPhoneNumberResult[1]/Wireless[1]" StoreTo="None" />
<ActReturnValue Active="True" DoNotConsiderAsTemp="True" Guid="f66a8377-beb8-4b71-8db3-6002a918b238" Operator="Legacy" Param="LRN" ParentGuid="00000000-0000-0000-0000-000000000000" Path="//*[local-name()='Envelope']/Body[1]/CheckPhoneNumberResponse[1]/CheckPhoneNumberResult[1]/LRN[1]" StoreTo="None" />
</ReturnValues>
</ApplicationAPIModel></GingerRepositoryItem>