﻿<?xml version="1.0" encoding="utf-8"?>
<GingerRepositoryItem><Header ItemGuid="30b82a0b-2ec8-4d7c-b09d-d8da10e6e8c4" ItemType="ApplicationAPIModel" CreatedBy="MENIK" Created="201912041329" GingerVersion="3.4.0.0" Version="1" LastUpdateBy="MENIK" LastUpdate="201912041329" />
<ApplicationAPIModel APIType="SOAP" AuthorizationType="NoAuthentication" CertificateType="AllSSL" ContentType="JSon" CookieMode="Session" Description="Insert a phone number and your license key in the fields below to verify the phone number. This method also provides additional information about the phone number which includes the RateCenter, Telecom Address, Wireless, Switch Information, CLLI, LATA, Company, TimeZone, and more.&amp;lt;br /&amp;gt;&amp;lt;br /&amp;gt;For more information, please visit our &amp;lt;a href='http://wiki.cdyne.com/wiki/index.php?title=Phone_Verification'&amp;gt;wiki&amp;lt;/a&amp;gt;." EndpointURL="http://ws.cdyne.com/phoneverify/phoneverify.asmx" Guid="30b82a0b-2ec8-4d7c-b09d-d8da10e6e8c4" Name="CheckPhoneNumber_PhoneVerifySoap12" NetworkCredentials="Default" ParentGuid="00000000-0000-0000-0000-000000000000" ReqHttpVersion="HTTPV10" RequestBody="&lt;soapenv:Envelope xmlns:soapenv=&quot;http://schemas.xmlsoap.org/soap/envelope/&quot; xmlns:que=&quot;http://ws.cdyne.com/PhoneVerify/query&quot;&gt;&#xD;&#xA;  &lt;soapenv:Header /&gt;&#xD;&#xA;  &lt;soapenv:Body&gt;&#xD;&#xA;    &lt;que:CheckPhoneNumber&gt;&#xD;&#xA;      &lt;!--Optional:--&gt;&#xD;&#xA;      &lt;que:PhoneNumber&gt;{PHONENUMBER}&lt;/que:PhoneNumber&gt;&#xD;&#xA;      &lt;!--Optional:--&gt;&#xD;&#xA;      &lt;que:LicenseKey&gt;{LICENSEKEY}&lt;/que:LicenseKey&gt;&#xD;&#xA;    &lt;/que:CheckPhoneNumber&gt;&#xD;&#xA;  &lt;/soapenv:Body&gt;&#xD;&#xA;&lt;/soapenv:Envelope&gt;" RequestBodyType="FreeText" RequestType="GET" ResponseContentType="JSon" SecurityType="None" SOAPAction="http://ws.cdyne.com/PhoneVerify/query/CheckPhoneNumber" TargetApplicationKey="MyWebServicesApp~0196292c-0dc9-4aee-89b8-78ffcb55249a">
<AppModelParameters>
<AppModelParameter Guid="aad67c2e-66bd-4eee-af3e-345338edd304" ParentGuid="00000000-0000-0000-0000-000000000000" Path="//*[name()='soapenv:Envelope']/soapenv:Body[1]/que:CheckPhoneNumber[1]/que:PhoneNumber[1]" PlaceHolder="{PHONENUMBER}" TagName="PhoneNumber" />
<AppModelParameter Guid="b0767071-991d-4e6a-ab75-c2b2b1bba62a" ParentGuid="00000000-0000-0000-0000-000000000000" Path="//*[name()='soapenv:Envelope']/soapenv:Body[1]/que:CheckPhoneNumber[1]/que:LicenseKey[1]" PlaceHolder="{LICENSEKEY}" TagName="LicenseKey" />
</AppModelParameters>

<ReturnValues>
<ActReturnValue Active="True" DoNotConsiderAsTemp="True" Guid="1656c178-cec6-476f-b4be-90106648b37f" Operator="Legacy" Param="Company" ParentGuid="00000000-0000-0000-0000-000000000000" Path="//*[local-name()='Envelope']/Body[1]/CheckPhoneNumberResponse[1]/CheckPhoneNumberResult[1]/Company[1]" StoreTo="None" />
<ActReturnValue Active="True" DoNotConsiderAsTemp="True" Guid="f791274b-f54b-4e73-8068-3bcf1c5f0bf1" Operator="Legacy" Param="Valid" ParentGuid="00000000-0000-0000-0000-000000000000" Path="//*[local-name()='Envelope']/Body[1]/CheckPhoneNumberResponse[1]/CheckPhoneNumberResult[1]/Valid[1]" StoreTo="None" />
<ActReturnValue Active="True" DoNotConsiderAsTemp="True" Guid="f9a53279-d4a8-4b07-b2a1-d4daf8828fc7" Operator="Legacy" Param="Use" ParentGuid="00000000-0000-0000-0000-000000000000" Path="//*[local-name()='Envelope']/Body[1]/CheckPhoneNumberResponse[1]/CheckPhoneNumberResult[1]/Use[1]" StoreTo="None" />
<ActReturnValue Active="True" DoNotConsiderAsTemp="True" Guid="3b3579c0-626f-4996-9fd8-e947d6749036" Operator="Legacy" Param="State" ParentGuid="00000000-0000-0000-0000-000000000000" Path="//*[local-name()='Envelope']/Body[1]/CheckPhoneNumberResponse[1]/CheckPhoneNumberResult[1]/State[1]" StoreTo="None" />
<ActReturnValue Active="True" DoNotConsiderAsTemp="True" Guid="a37f1a2e-618e-4328-9c2f-e74a47c2760b" Operator="Legacy" Param="Switch" ParentGuid="00000000-0000-0000-0000-000000000000" Path="//*[local-name()='Envelope']/Body[1]/CheckPhoneNumberResponse[1]/CheckPhoneNumberResult[1]/Switch[1]" StoreTo="None" />
<ActReturnValue Active="True" DoNotConsiderAsTemp="True" Guid="dab84cab-ede1-4c15-9f9d-61355dc454d3" Operator="Legacy" Param="RC" ParentGuid="00000000-0000-0000-0000-000000000000" Path="//*[local-name()='Envelope']/Body[1]/CheckPhoneNumberResponse[1]/CheckPhoneNumberResult[1]/RC[1]" StoreTo="None" />
<ActReturnValue Active="True" DoNotConsiderAsTemp="True" Guid="3f13e65f-cfb6-462c-b8b3-9e29549c87dd" Operator="Legacy" Param="OCN" ParentGuid="00000000-0000-0000-0000-000000000000" Path="//*[local-name()='Envelope']/Body[1]/CheckPhoneNumberResponse[1]/CheckPhoneNumberResult[1]/OCN[1]" StoreTo="None" />
<ActReturnValue Active="True" DoNotConsiderAsTemp="True" Guid="d2720c0b-d2d9-4b12-8a94-8e6c38340480" Operator="Legacy" Param="OriginalNumber" ParentGuid="00000000-0000-0000-0000-000000000000" Path="//*[local-name()='Envelope']/Body[1]/CheckPhoneNumberResponse[1]/CheckPhoneNumberResult[1]/OriginalNumber[1]" StoreTo="None" />
<ActReturnValue Active="True" DoNotConsiderAsTemp="True" Guid="3e95f155-0b1f-487c-b06a-35b059f2c035" Operator="Legacy" Param="CleanNumber" ParentGuid="00000000-0000-0000-0000-000000000000" Path="//*[local-name()='Envelope']/Body[1]/CheckPhoneNumberResponse[1]/CheckPhoneNumberResult[1]/CleanNumber[1]" StoreTo="None" />
<ActReturnValue Active="True" DoNotConsiderAsTemp="True" Guid="f3c8d8f4-2944-43e2-801d-cdb15b4ad40c" Operator="Legacy" Param="SwitchName" ParentGuid="00000000-0000-0000-0000-000000000000" Path="//*[local-name()='Envelope']/Body[1]/CheckPhoneNumberResponse[1]/CheckPhoneNumberResult[1]/SwitchName[1]" StoreTo="None" />
<ActReturnValue Active="True" DoNotConsiderAsTemp="True" Guid="5887d195-9e3c-4ee1-80dc-f1a781ff976b" Operator="Legacy" Param="SwitchType" ParentGuid="00000000-0000-0000-0000-000000000000" Path="//*[local-name()='Envelope']/Body[1]/CheckPhoneNumberResponse[1]/CheckPhoneNumberResult[1]/SwitchType[1]" StoreTo="None" />
<ActReturnValue Active="True" DoNotConsiderAsTemp="True" Guid="8bedcbdb-ad5d-4254-89a0-ffae3d7de090" Operator="Legacy" Param="Country" ParentGuid="00000000-0000-0000-0000-000000000000" Path="//*[local-name()='Envelope']/Body[1]/CheckPhoneNumberResponse[1]/CheckPhoneNumberResult[1]/Country[1]" StoreTo="None" />
<ActReturnValue Active="True" DoNotConsiderAsTemp="True" Guid="a767b9d0-a2bc-4032-a6b4-eb9dd8dbe8cd" Operator="Legacy" Param="CLLI" ParentGuid="00000000-0000-0000-0000-000000000000" Path="//*[local-name()='Envelope']/Body[1]/CheckPhoneNumberResponse[1]/CheckPhoneNumberResult[1]/CLLI[1]" StoreTo="None" />
<ActReturnValue Active="True" DoNotConsiderAsTemp="True" Guid="852b91b6-a173-489b-be49-be0ea8bc590b" Operator="Legacy" Param="PrefixType" ParentGuid="00000000-0000-0000-0000-000000000000" Path="//*[local-name()='Envelope']/Body[1]/CheckPhoneNumberResponse[1]/CheckPhoneNumberResult[1]/PrefixType[1]" StoreTo="None" />
<ActReturnValue Active="True" DoNotConsiderAsTemp="True" Guid="7d38fc16-57e8-48fc-a243-7a6394ee2f2e" Operator="Legacy" Param="LATA" ParentGuid="00000000-0000-0000-0000-000000000000" Path="//*[local-name()='Envelope']/Body[1]/CheckPhoneNumberResponse[1]/CheckPhoneNumberResult[1]/LATA[1]" StoreTo="None" />
<ActReturnValue Active="True" DoNotConsiderAsTemp="True" Guid="aa6ce929-d9e9-4a61-b8eb-921dd763682e" Operator="Legacy" Param="sms" ParentGuid="00000000-0000-0000-0000-000000000000" Path="//*[local-name()='Envelope']/Body[1]/CheckPhoneNumberResponse[1]/CheckPhoneNumberResult[1]/sms[1]" StoreTo="None" />
<ActReturnValue Active="True" DoNotConsiderAsTemp="True" Guid="975a17b4-6083-4213-a71b-fa59a87de847" Operator="Legacy" Param="Email" ParentGuid="00000000-0000-0000-0000-000000000000" Path="//*[local-name()='Envelope']/Body[1]/CheckPhoneNumberResponse[1]/CheckPhoneNumberResult[1]/Email[1]" StoreTo="None" />
<ActReturnValue Active="True" DoNotConsiderAsTemp="True" Guid="a8546d24-c355-4567-ae43-a973a60e8c99" Operator="Legacy" Param="AssignDate" ParentGuid="00000000-0000-0000-0000-000000000000" Path="//*[local-name()='Envelope']/Body[1]/CheckPhoneNumberResponse[1]/CheckPhoneNumberResult[1]/AssignDate[1]" StoreTo="None" />
<ActReturnValue Active="True" DoNotConsiderAsTemp="True" Guid="f9baa6c1-4c26-4b66-8efb-0231dd08c8e7" Operator="Legacy" Param="TelecomCity" ParentGuid="00000000-0000-0000-0000-000000000000" Path="//*[local-name()='Envelope']/Body[1]/CheckPhoneNumberResponse[1]/CheckPhoneNumberResult[1]/TelecomCity[1]" StoreTo="None" />
<ActReturnValue Active="True" DoNotConsiderAsTemp="True" Guid="942061c8-4d21-493a-8d4b-ae81d4f3da28" Operator="Legacy" Param="TelecomCounty" ParentGuid="00000000-0000-0000-0000-000000000000" Path="//*[local-name()='Envelope']/Body[1]/CheckPhoneNumberResponse[1]/CheckPhoneNumberResult[1]/TelecomCounty[1]" StoreTo="None" />
<ActReturnValue Active="True" DoNotConsiderAsTemp="True" Guid="177f2a65-dcff-47d0-b9bc-0773b8bb4380" Operator="Legacy" Param="TelecomState" ParentGuid="00000000-0000-0000-0000-000000000000" Path="//*[local-name()='Envelope']/Body[1]/CheckPhoneNumberResponse[1]/CheckPhoneNumberResult[1]/TelecomState[1]" StoreTo="None" />
<ActReturnValue Active="True" DoNotConsiderAsTemp="True" Guid="46ef9463-ce69-4df0-a67e-8ce8fc1e2038" Operator="Legacy" Param="TelecomZip" ParentGuid="00000000-0000-0000-0000-000000000000" Path="//*[local-name()='Envelope']/Body[1]/CheckPhoneNumberResponse[1]/CheckPhoneNumberResult[1]/TelecomZip[1]" StoreTo="None" />
<ActReturnValue Active="True" DoNotConsiderAsTemp="True" Guid="b491d8d7-93dd-411a-9be2-010e28ab1e77" Operator="Legacy" Param="TimeZone" ParentGuid="00000000-0000-0000-0000-000000000000" Path="//*[local-name()='Envelope']/Body[1]/CheckPhoneNumberResponse[1]/CheckPhoneNumberResult[1]/TimeZone[1]" StoreTo="None" />
<ActReturnValue Active="True" DoNotConsiderAsTemp="True" Guid="bf04c084-e3f5-433c-9a5a-f0dd3ae23618" Operator="Legacy" Param="Lat" ParentGuid="00000000-0000-0000-0000-000000000000" Path="//*[local-name()='Envelope']/Body[1]/CheckPhoneNumberResponse[1]/CheckPhoneNumberResult[1]/Lat[1]" StoreTo="None" />
<ActReturnValue Active="True" DoNotConsiderAsTemp="True" Guid="2b1d1ecc-9ddf-446f-ae97-aab6dbbe3d78" Operator="Legacy" Param="Long" ParentGuid="00000000-0000-0000-0000-000000000000" Path="//*[local-name()='Envelope']/Body[1]/CheckPhoneNumberResponse[1]/CheckPhoneNumberResult[1]/Long[1]" StoreTo="None" />
<ActReturnValue Active="True" DoNotConsiderAsTemp="True" Guid="c4c0c266-c78c-4061-a3c6-60437a7204fc" Operator="Legacy" Param="Wireless" ParentGuid="00000000-0000-0000-0000-000000000000" Path="//*[local-name()='Envelope']/Body[1]/CheckPhoneNumberResponse[1]/CheckPhoneNumberResult[1]/Wireless[1]" StoreTo="None" />
<ActReturnValue Active="True" DoNotConsiderAsTemp="True" Guid="77e18cd0-1e1b-47d5-9983-094f26a6a9d3" Operator="Legacy" Param="LRN" ParentGuid="00000000-0000-0000-0000-000000000000" Path="//*[local-name()='Envelope']/Body[1]/CheckPhoneNumberResponse[1]/CheckPhoneNumberResult[1]/LRN[1]" StoreTo="None" />
</ReturnValues>
</ApplicationAPIModel></GingerRepositoryItem>