﻿<?xml version="1.0" encoding="utf-8"?>
<GingerRepositoryItem><Header ItemGuid="4e138af3-0cc6-416e-a709-3d40a861ec94" ItemType="ApplicationAPIModel" CreatedBy="MENIK" Created="201912041329" GingerVersion="3.4.0.0" Version="1" LastUpdateBy="MENIK" LastUpdate="201912041329" />
<ApplicationAPIModel APIType="SOAP" AuthorizationType="NoAuthentication" CertificateType="AllSSL" ContentType="JSon" CookieMode="Session" Description="This method is the same as &amp;lt;a href='http://ws.cdyne.com/phoneverify/phoneverify.asmx?op=CheckPhoneNumber'&amp;gt;CheckPhoneNumber&amp;lt;/a&amp;gt;, although you are allowed to insert an array of phone numbers to be validated.&amp;lt;br /&amp;gt;&amp;lt;br /&amp;gt;For more information, please visit our &amp;lt;a href='http://wiki.cdyne.com/wiki/index.php?title=Phone_Verification'&amp;gt;wiki&amp;lt;/a&amp;gt;." EndpointURL="http://ws.cdyne.com/phoneverify/phoneverify.asmx" Guid="4e138af3-0cc6-416e-a709-3d40a861ec94" Name="CheckPhoneNumbers_PhoneVerifySoap" NetworkCredentials="Default" ParentGuid="00000000-0000-0000-0000-000000000000" ReqHttpVersion="HTTPV11" RequestBody="&lt;soapenv:Envelope xmlns:soapenv=&quot;http://schemas.xmlsoap.org/soap/envelope/&quot; xmlns:que=&quot;http://ws.cdyne.com/PhoneVerify/query&quot;&gt;&#xD;&#xA;  &lt;soapenv:Header /&gt;&#xD;&#xA;  &lt;soapenv:Body&gt;&#xD;&#xA;    &lt;que:CheckPhoneNumbers&gt;&#xD;&#xA;      &lt;!--Optional:--&gt;&#xD;&#xA;      &lt;que:PhoneNumbers&gt;&#xD;&#xA;        &lt;!--Zero or more repetitions:--&gt;&#xD;&#xA;        &lt;que:string&gt;{STRING}&lt;/que:string&gt;&#xD;&#xA;      &lt;/que:PhoneNumbers&gt;&#xD;&#xA;      &lt;!--Optional:--&gt;&#xD;&#xA;      &lt;que:LicenseKey&gt;{LICENSEKEY}&lt;/que:LicenseKey&gt;&#xD;&#xA;    &lt;/que:CheckPhoneNumbers&gt;&#xD;&#xA;  &lt;/soapenv:Body&gt;&#xD;&#xA;&lt;/soapenv:Envelope&gt;" RequestBodyType="FreeText" RequestType="GET" ResponseContentType="JSon" SecurityType="None" SOAPAction="http://ws.cdyne.com/PhoneVerify/query/CheckPhoneNumbers" TargetApplicationKey="MyWebServicesApp~0196292c-0dc9-4aee-89b8-78ffcb55249a">
<AppModelParameters>
<AppModelParameter Guid="18a20d6d-4c42-478b-abec-b2c3f2f8af03" ParentGuid="00000000-0000-0000-0000-000000000000" Path="//*[name()='soapenv:Envelope']/soapenv:Body[1]/que:CheckPhoneNumbers[1]/que:PhoneNumbers[1]/que:string[1]" PlaceHolder="{STRING}" TagName="string" />
<AppModelParameter Guid="a81100bd-2b8e-4885-bed5-3c0fe010af1c" ParentGuid="00000000-0000-0000-0000-000000000000" Path="//*[name()='soapenv:Envelope']/soapenv:Body[1]/que:CheckPhoneNumbers[1]/que:LicenseKey[1]" PlaceHolder="{LICENSEKEY}" TagName="LicenseKey" />
</AppModelParameters>

<ReturnValues>
<ActReturnValue Active="True" DoNotConsiderAsTemp="True" Guid="3b44f4cd-e2a9-4a74-87fb-55bfd62d6ed3" Operator="Legacy" Param="Company" ParentGuid="00000000-0000-0000-0000-000000000000" Path="//*[local-name()='Envelope']/Body[1]/CheckPhoneNumbersResponse[1]/CheckPhoneNumbersResult[1]/PhoneReturn[1]/Company[1]" StoreTo="None" />
<ActReturnValue Active="True" DoNotConsiderAsTemp="True" Guid="d20e2021-8bfe-4f12-90d0-d3e7b5272d65" Operator="Legacy" Param="Valid" ParentGuid="00000000-0000-0000-0000-000000000000" Path="//*[local-name()='Envelope']/Body[1]/CheckPhoneNumbersResponse[1]/CheckPhoneNumbersResult[1]/PhoneReturn[1]/Valid[1]" StoreTo="None" />
<ActReturnValue Active="True" DoNotConsiderAsTemp="True" Guid="9f371eff-7793-4ed7-bc22-32a5a5018985" Operator="Legacy" Param="Use" ParentGuid="00000000-0000-0000-0000-000000000000" Path="//*[local-name()='Envelope']/Body[1]/CheckPhoneNumbersResponse[1]/CheckPhoneNumbersResult[1]/PhoneReturn[1]/Use[1]" StoreTo="None" />
<ActReturnValue Active="True" DoNotConsiderAsTemp="True" Guid="442df283-e2c8-484d-b78e-5ee7e2c2a0e7" Operator="Legacy" Param="State" ParentGuid="00000000-0000-0000-0000-000000000000" Path="//*[local-name()='Envelope']/Body[1]/CheckPhoneNumbersResponse[1]/CheckPhoneNumbersResult[1]/PhoneReturn[1]/State[1]" StoreTo="None" />
<ActReturnValue Active="True" DoNotConsiderAsTemp="True" Guid="b72763d4-46f7-4e02-af3d-c214869eb208" Operator="Legacy" Param="Switch" ParentGuid="00000000-0000-0000-0000-000000000000" Path="//*[local-name()='Envelope']/Body[1]/CheckPhoneNumbersResponse[1]/CheckPhoneNumbersResult[1]/PhoneReturn[1]/Switch[1]" StoreTo="None" />
<ActReturnValue Active="True" DoNotConsiderAsTemp="True" Guid="37299dbf-11b0-492e-80a2-6d99db37ddad" Operator="Legacy" Param="RC" ParentGuid="00000000-0000-0000-0000-000000000000" Path="//*[local-name()='Envelope']/Body[1]/CheckPhoneNumbersResponse[1]/CheckPhoneNumbersResult[1]/PhoneReturn[1]/RC[1]" StoreTo="None" />
<ActReturnValue Active="True" DoNotConsiderAsTemp="True" Guid="14cb99b4-246f-4dbe-9fa7-a9101ced368b" Operator="Legacy" Param="OCN" ParentGuid="00000000-0000-0000-0000-000000000000" Path="//*[local-name()='Envelope']/Body[1]/CheckPhoneNumbersResponse[1]/CheckPhoneNumbersResult[1]/PhoneReturn[1]/OCN[1]" StoreTo="None" />
<ActReturnValue Active="True" DoNotConsiderAsTemp="True" Guid="c84e95be-5433-4ee5-b99a-de274dff8b29" Operator="Legacy" Param="OriginalNumber" ParentGuid="00000000-0000-0000-0000-000000000000" Path="//*[local-name()='Envelope']/Body[1]/CheckPhoneNumbersResponse[1]/CheckPhoneNumbersResult[1]/PhoneReturn[1]/OriginalNumber[1]" StoreTo="None" />
<ActReturnValue Active="True" DoNotConsiderAsTemp="True" Guid="d26ccd4e-7bb1-42e4-9f0c-ae58d62e4e7a" Operator="Legacy" Param="CleanNumber" ParentGuid="00000000-0000-0000-0000-000000000000" Path="//*[local-name()='Envelope']/Body[1]/CheckPhoneNumbersResponse[1]/CheckPhoneNumbersResult[1]/PhoneReturn[1]/CleanNumber[1]" StoreTo="None" />
<ActReturnValue Active="True" DoNotConsiderAsTemp="True" Guid="785162f9-9c4a-42f7-a670-0f924fdce648" Operator="Legacy" Param="SwitchName" ParentGuid="00000000-0000-0000-0000-000000000000" Path="//*[local-name()='Envelope']/Body[1]/CheckPhoneNumbersResponse[1]/CheckPhoneNumbersResult[1]/PhoneReturn[1]/SwitchName[1]" StoreTo="None" />
<ActReturnValue Active="True" DoNotConsiderAsTemp="True" Guid="f9e7737b-af2f-46a3-9ba2-ca0156491252" Operator="Legacy" Param="SwitchType" ParentGuid="00000000-0000-0000-0000-000000000000" Path="//*[local-name()='Envelope']/Body[1]/CheckPhoneNumbersResponse[1]/CheckPhoneNumbersResult[1]/PhoneReturn[1]/SwitchType[1]" StoreTo="None" />
<ActReturnValue Active="True" DoNotConsiderAsTemp="True" Guid="a1b09b8d-31fc-4a9e-b119-eb62ac138298" Operator="Legacy" Param="Country" ParentGuid="00000000-0000-0000-0000-000000000000" Path="//*[local-name()='Envelope']/Body[1]/CheckPhoneNumbersResponse[1]/CheckPhoneNumbersResult[1]/PhoneReturn[1]/Country[1]" StoreTo="None" />
<ActReturnValue Active="True" DoNotConsiderAsTemp="True" Guid="0f297c6d-5c4b-47b2-9fe5-a0aec7f5cc66" Operator="Legacy" Param="CLLI" ParentGuid="00000000-0000-0000-0000-000000000000" Path="//*[local-name()='Envelope']/Body[1]/CheckPhoneNumbersResponse[1]/CheckPhoneNumbersResult[1]/PhoneReturn[1]/CLLI[1]" StoreTo="None" />
<ActReturnValue Active="True" DoNotConsiderAsTemp="True" Guid="fbba135d-d10a-471e-bdb4-bd8b7a7fe639" Operator="Legacy" Param="PrefixType" ParentGuid="00000000-0000-0000-0000-000000000000" Path="//*[local-name()='Envelope']/Body[1]/CheckPhoneNumbersResponse[1]/CheckPhoneNumbersResult[1]/PhoneReturn[1]/PrefixType[1]" StoreTo="None" />
<ActReturnValue Active="True" DoNotConsiderAsTemp="True" Guid="a69e0ac8-b97f-4c26-8d28-8dceefafac8b" Operator="Legacy" Param="LATA" ParentGuid="00000000-0000-0000-0000-000000000000" Path="//*[local-name()='Envelope']/Body[1]/CheckPhoneNumbersResponse[1]/CheckPhoneNumbersResult[1]/PhoneReturn[1]/LATA[1]" StoreTo="None" />
<ActReturnValue Active="True" DoNotConsiderAsTemp="True" Guid="20f455b6-8a14-4439-a795-6be3cd0241a5" Operator="Legacy" Param="sms" ParentGuid="00000000-0000-0000-0000-000000000000" Path="//*[local-name()='Envelope']/Body[1]/CheckPhoneNumbersResponse[1]/CheckPhoneNumbersResult[1]/PhoneReturn[1]/sms[1]" StoreTo="None" />
<ActReturnValue Active="True" DoNotConsiderAsTemp="True" Guid="d1e99a46-4909-4ee7-9ed6-3daf6f9e88c4" Operator="Legacy" Param="Email" ParentGuid="00000000-0000-0000-0000-000000000000" Path="//*[local-name()='Envelope']/Body[1]/CheckPhoneNumbersResponse[1]/CheckPhoneNumbersResult[1]/PhoneReturn[1]/Email[1]" StoreTo="None" />
<ActReturnValue Active="True" DoNotConsiderAsTemp="True" Guid="7125721f-adda-4248-a294-a06e80afa37c" Operator="Legacy" Param="AssignDate" ParentGuid="00000000-0000-0000-0000-000000000000" Path="//*[local-name()='Envelope']/Body[1]/CheckPhoneNumbersResponse[1]/CheckPhoneNumbersResult[1]/PhoneReturn[1]/AssignDate[1]" StoreTo="None" />
<ActReturnValue Active="True" DoNotConsiderAsTemp="True" Guid="afea8e30-f621-4724-bd00-17061cf7a46e" Operator="Legacy" Param="TelecomCity" ParentGuid="00000000-0000-0000-0000-000000000000" Path="//*[local-name()='Envelope']/Body[1]/CheckPhoneNumbersResponse[1]/CheckPhoneNumbersResult[1]/PhoneReturn[1]/TelecomCity[1]" StoreTo="None" />
<ActReturnValue Active="True" DoNotConsiderAsTemp="True" Guid="62fbae3b-66ae-4dcc-a8cb-98403c6b2802" Operator="Legacy" Param="TelecomCounty" ParentGuid="00000000-0000-0000-0000-000000000000" Path="//*[local-name()='Envelope']/Body[1]/CheckPhoneNumbersResponse[1]/CheckPhoneNumbersResult[1]/PhoneReturn[1]/TelecomCounty[1]" StoreTo="None" />
<ActReturnValue Active="True" DoNotConsiderAsTemp="True" Guid="7dccabac-5421-48d6-b9dc-6a768aa5f92c" Operator="Legacy" Param="TelecomState" ParentGuid="00000000-0000-0000-0000-000000000000" Path="//*[local-name()='Envelope']/Body[1]/CheckPhoneNumbersResponse[1]/CheckPhoneNumbersResult[1]/PhoneReturn[1]/TelecomState[1]" StoreTo="None" />
<ActReturnValue Active="True" DoNotConsiderAsTemp="True" Guid="6be27a0f-7a3f-4377-a972-8b04fe1f523b" Operator="Legacy" Param="TelecomZip" ParentGuid="00000000-0000-0000-0000-000000000000" Path="//*[local-name()='Envelope']/Body[1]/CheckPhoneNumbersResponse[1]/CheckPhoneNumbersResult[1]/PhoneReturn[1]/TelecomZip[1]" StoreTo="None" />
<ActReturnValue Active="True" DoNotConsiderAsTemp="True" Guid="17aba011-8a4f-45bd-9d46-09d35250386a" Operator="Legacy" Param="TimeZone" ParentGuid="00000000-0000-0000-0000-000000000000" Path="//*[local-name()='Envelope']/Body[1]/CheckPhoneNumbersResponse[1]/CheckPhoneNumbersResult[1]/PhoneReturn[1]/TimeZone[1]" StoreTo="None" />
<ActReturnValue Active="True" DoNotConsiderAsTemp="True" Guid="26d1ed21-daa0-4fef-96a5-aa1b347848b6" Operator="Legacy" Param="Lat" ParentGuid="00000000-0000-0000-0000-000000000000" Path="//*[local-name()='Envelope']/Body[1]/CheckPhoneNumbersResponse[1]/CheckPhoneNumbersResult[1]/PhoneReturn[1]/Lat[1]" StoreTo="None" />
<ActReturnValue Active="True" DoNotConsiderAsTemp="True" Guid="5f56a917-6b96-4c5b-936f-16c3810cb391" Operator="Legacy" Param="Long" ParentGuid="00000000-0000-0000-0000-000000000000" Path="//*[local-name()='Envelope']/Body[1]/CheckPhoneNumbersResponse[1]/CheckPhoneNumbersResult[1]/PhoneReturn[1]/Long[1]" StoreTo="None" />
<ActReturnValue Active="True" DoNotConsiderAsTemp="True" Guid="c938d3f5-e8e3-4bfb-a4ae-3b434732b8fa" Operator="Legacy" Param="Wireless" ParentGuid="00000000-0000-0000-0000-000000000000" Path="//*[local-name()='Envelope']/Body[1]/CheckPhoneNumbersResponse[1]/CheckPhoneNumbersResult[1]/PhoneReturn[1]/Wireless[1]" StoreTo="None" />
<ActReturnValue Active="True" DoNotConsiderAsTemp="True" Guid="cd717fd2-dc39-4cd9-b18c-d729d8f875d4" Operator="Legacy" Param="LRN" ParentGuid="00000000-0000-0000-0000-000000000000" Path="//*[local-name()='Envelope']/Body[1]/CheckPhoneNumbersResponse[1]/CheckPhoneNumbersResult[1]/PhoneReturn[1]/LRN[1]" StoreTo="None" />
</ReturnValues>
</ApplicationAPIModel></GingerRepositoryItem>