﻿<?xml version="1.0" encoding="utf-8"?>
<GingerRepositoryItem><Header ItemGuid="e2a727e0-7997-459d-b2d4-5e5deef1e333" ItemType="Solution" CreatedBy="MENIK" Created="201912041329" GingerVersion="3.4.0.0" Version="2" LastUpdateBy="MENIK" LastUpdate="201912041329" />
<Solution AlmType="QC" Guid="e2a727e0-7997-459d-b2d4-5e5deef1e333" Name="TDMTest" ParentGuid="00000000-0000-0000-0000-000000000000">
<ApplicationPlatforms>
<ApplicationPlatform AppName="MyWebServicesApp" CoreGUID="00000000-0000-0000-0000-000000000000" Guid="0196292c-0dc9-4aee-89b8-78ffcb55249a" GUID="00000000-0000-0000-0000-000000000000" ParentGuid="00000000-0000-0000-0000-000000000000" Platform="WebServices" />
</ApplicationPlatforms>

<ExecutionLoggerConfigurationSetList>
<ExecutionLoggerConfiguration ExecutionLoggerConfigurationExecResultsFolder="~\ExecutionResults" ExecutionLoggerConfigurationIsEnabled="True" ExecutionLoggerConfigurationMaximalFolderSize="250" Guid="c4472cbe-af27-4da5-b410-301538f440ce" IsSelected="True" ParentGuid="00000000-0000-0000-0000-000000000000" SelectedDataRepositoryMethod="TextFile" Seq="0" />
</ExecutionLoggerConfigurationSetList>

<HTMLReportsConfigurationSetList>
<HTMLReportsConfiguration Guid="645c0ed8-cc40-41b8-bffa-fbc08b2cb415" HTMLReportConfigurationMaximalFolderSize="0" HTMLReportsFolder="~\HTMLReports" HTMLReportTemplatesSeq="1" IsSelected="True" ParentGuid="00000000-0000-0000-0000-000000000000" Seq="0" />
</HTMLReportsConfigurationSetList>
</Solution></GingerRepositoryItem>