<soap:Envelope xmlns:soap="http://schemas.xmlsoap.org/soap/envelope/" xmlns:xsi="http://www.w3.org/2001/XMLSchema-instance" xmlns:xsd="http://www.w3.org/2001/XMLSchema">
  <soap:Body>
    <CheckPhoneNumberResponse xmlns="http://ws.cdyne.com/PhoneVerify/query">
      <CheckPhoneNumberResult>
        <Company>LEVEL 3 COMMUNICATIONS, LLC - </Company>
        <Valid>true</Valid>
        <Use>Assigned to a code holder for normal use.</Use>
        <State>VA</State>
        <RC>NRFOLKZON2</RC>
        <OCN>8825</OCN>
        <OriginalNumber>7575449510</OriginalNumber>
        <CleanNumber>7575449510</CleanNumber>
        <SwitchName />
        <SwitchType />
        <Country>United States</Country>
        <CLLI>NOCLLIKNOWN</CLLI>
        <PrefixType>CLEC - (Competitive Local Exchange Carrier)</PrefixType>
        <LATA>252</LATA>
        <sms>CLEC - (Competitive Local Exchange Carrier)</sms>
        <Email />
        <AssignDate>26/09/2005</AssignDate>
        <TelecomCity>Norfolk</TelecomCity>
        <TelecomCounty>Norfolk city</TelecomCounty>
        <TelecomState>VA</TelecomState>
        <TelecomZip>23510</TelecomZip>
        <TimeZone>EST</TimeZone>
        <Lat />
        <Long />
        <Wireless>false</Wireless>
        <LRN>7575449510</LRN>
      </CheckPhoneNumberResult>
    </CheckPhoneNumberResponse>
  </soap:Body>
</soap:Envelope>